Date,Rain,Precip,PrecipTrace,CloudDirection,Time,FrcstPrecip,Other Notes,,,,,,
7/1/13,F,,T,,,,,,,,Morning - 6-12,,
7/2/13,F,,F,,,,,,,,Noon - 12-1,,
7/3/13,T,0.375,T,,,,,,,,Afternoon 1-5,,
7/4/13,T,0.167,T,,,,,,,,Evening 5 - 9,,
7/5/13,F,,F,,,,,,,,Overnight 9 - 6,,
7/6/13,T,0.375,T,,,,,,,,All Day,,
7/7/13,F,,F,,,,,,,,,,
7/8/13,F,,F,,,,,,,,,,
7/9/13,F,,F,,,,,,,,"It is tidy-ish for data, but most definitely not considered clean by any means, lol",,
7/10/13,F,,F,,,,,,,,"Hey now, this is precious data :-)",,
7/11/13,F,,F,,,,,,,,,,
7/12/13,F,,F,,,,,,,,,,
7/13/13,F,,T,,,,,,,,,,
7/14/13,F,,T,,,,,,,,,,
7/15/13,F,,T,,,,,,,,,,
7/16/13,T,0.75,T,,Noon,,,,,,,,
7/17/13,T,1.125,T,,Noon,,,,,,,,
7/18/13,T,,T,SW,Evening,,,,,,,,
7/19/13,T,0.625,T,SW,Evening,,,,,,,,
7/20/13,T,0.75,T,SW,Afternoon,,,,,,,,
7/21/13,T,0.125,T,,Overnight,,Mom's house floods,,,,,,
7/22/13,F,,T,,,,,,,,,,
7/23/13,T,0.75,T,NE,Afternoon,,,,,,,,
7/24/13,T,0.25,T,N,"Noon, Overnight",,Mom's house floods,,,,,,
7/25/13,T,1.25,T,SW,"Morning, Noon",,,,,,,,
7/26/13,T,1,T,W,Evening,,,,,,,,
7/27/13,T,0.375,T,W,Evening,,,,,,,,
7/28/13,T,0.167,T,E,Evening,,,,,,,,
7/29/13,F,,F,W,All Day,,,,,,,,
7/30/13,F,,F,,,,,,,,,,
7/31/13,T,,T,NE,Evening,,,,,,,,
8/1/13,F,,F,,,,,,,,,,
8/2/13,F,,F,,,,,,,,,,
8/3/13,T,0.25,T,N,Afternoon,,,,,,,,
8/4/13,F,,T,NE,Afternoon,,,,,,,,
8/5/13,F,,F,SW,,,,,,,,,
8/6/13,F,,T,SW,,,,,,,,,
8/7/13,F,,F,E,,,,,,,,,
8/8/13,F,,F,NE,,,,,,,,,
8/9/13,F,,F,N,,,,,,,,,
8/10/13,F,,F,NE,,,,,,,,,
8/11/13,F,,T,NE,Overnight,,,,,,,,
8/12/13,F,,F,N,,,,,,,,,
8/13/13,F,,F,,,,,,,,,,
8/14/13,F,,F,E,,,,,,,,,
8/15/13,T,,T,E,Morning,,,,,,,,
8/16/13,T,0.5,T,E,Afternoon,,,,,,,,
8/17/13,T,0.625,T,NE,"Afternoon, Overnight",,,,,,,,
8/18/13,T,,T,NW,Afternoon,,,,,,,,
8/19/13,T,0.325,T,N,Noon,,,,,,,,
8/20/13,F,,F,,,,,,,,,,
8/21/13,T,0.25,T,SW,Morning,,,,,,,,
8/22/13,F,,F,N,,,,,,,,,
8/23/13,F,,T,NE,,,,,,,,,
8/24/13,F,,F,W,,,,,,,,,
8/25/13,T,0.625,T,N,Morning,,,,,,,,
8/26/13,T,2.875,T,N,All Day,,,,,,,,
8/27/13,F,,F,N,,,,,,,,,
8/28/13,F,,F,NW,,,,,,,,,
8/29/13,T,0.167,T,W,Overnight,,,,,,,,
8/30/13,F,,F,E,,,,,,,,,
8/31/13,T,1.25,T,NE,Morning,,,,,,,,
9/1/13,,,,,,,,,,,,,
9/2/13,T,0.167,T,E,,,,,,,,,
9/3/13,F,,F,N,,,,,,,,,
9/4/13,F,,F,,,,,,,,,,
9/5/13,F,,F,,,,,,,,,,
9/6/13,F,,F,N,,,,,,,,,
9/7/13,T,0.625,T,N,,,,,,,,,
9/8/13,T,0.625,T,N,All Day,,,,,,,,
9/9/13,T,1.375,T,N,All Day,,,,,,,,
9/10/13,T,0.5,T,NW,,,,,,,,,
9/11/13,F,,T,NE,,,,,,,,,
9/12/13,F,,T,NE,,,,,,,,,
9/13/13,F,,F,NE,,,,,,,,,
9/14/13,T,0.75,T,E,,,,,,,,,
9/15/13,F,,T,NE,,,,,,,,,
9/16/13,F,,F,NE,,,,,,,,,
9/17/13,F,,F,NE,,,,,,,,,
9/18/13,,,,,,,,,,,,,
9/19/13,,,,,,,,,,,,,
9/20/13,,,,,,,,,,,,,
9/21/13,,,,,,,,,,,,,
9/22/13,,,,,,,,,,,,,
9/23/13,,,,,,,,,,,,,
9/24/13,,,,,,,First Frost! @ 36 F?,,,,,,
9/25/13,,,,,,,,,,,,,
9/26/13,T,0.167,T,NE,Evening,,,,,,,,
9/27/13,,,,,,,,,,,,,
9/28/13,,,,,,,,,,,,,
9/29/13,,,,,,,,,,,,,
9/30/13,,,,,,,,,,,,,
7/1/14,T,,T,,,,,,,,,,
7/2/14,F,,F,,,,,,,,,,
7/3/14,T,0.25,T,N,,,,,,,,,
7/4/14,T,0.25,T,NE,,,,,,,,,
7/5/14,T,".75, . 167",T,SE,"Afternoon, Overnight",,,,,,,,
7/6/14,F,,F,SW,,,,,,,,,
7/7/14,T,0.167,T,W,Noon,,,,,,,,
7/8/14,T,1.5,T,NE,Evening,,,,,,,,
7/9/14,T,0.167,T,NW,Noon,,,,,,,,
7/10/14,F,,F,NE,,,,,,,,,
7/11/14,F,,F,NE,,,,,,,,,
7/12/14,T,0.75,T,W,Evening,,,,,,,,
7/13/14,T,0.25,T,W,Overnight,,,,,,,,
7/14/14,F,,F,W,,,,,,,,,
7/15/14,T,".25, .875",T,W,"Noon, Afternoon",,,,,,,,
7/16/14,F,,T,SE,Afternoon,,,,,,,,
7/17/14,F,,F,SE,,,,,,,,,
7/18/14,F,,F,NW,,,,,,,,,
7/19/14,F,,F,N,,,,,,,,,
7/20/14,F,,F,Clear,,,,,,,,,
7/21/14,F,,F,Clear,,,,,,,,,
7/22/14,F,,F,NW,,,,,,,,,
7/23/14,F,,T,NE,Afternoon,,,,,,,,
7/24/14,T,0.875,T,NE,Afternoon,,,,,,,,
7/25/14,F,,T,N,,,,,,,,,
7/26/14,F,,T,NW,Overnight,,,,,,,,
7/27/14,F,,T,N,Afternoon,,,,,,,,
7/28/14,F,,F,NE,,,,,,,,,
7/29/14,F,,F,NW,,,,,,,,,
7/30/14,F,,F,NE,,,,,,,,,
7/31/14,T,0.4375,T,SE,All Day,,,,,,,,
8/1/14,T,1.75,T,S,All Day,,,,,,,,
8/2/14,T,".167, .5",T,SW,"Evening, Overnight",,,,,,,,
8/3/14,T,0.625,T,E,Morning,,,,,,,,
8/4/14,F,,F,N,,,,,,,,,
8/5/14,F,,F,Clear,,,,,,,,,
8/6/14,F,,F,Clear,,,,,,,,,
8/7/14,F,,F,Clear,,,,,,,,,
8/8/14,F,,F,Clear,,,,,,,,,
8/9/14,F,,F,NE,,,,,,,,,
8/10/14,F,,F,W,,,,,,,,,
8/11/14,F,,T,NW,Noon,,,,,,,,
8/12/14,T,2.25,T,NW,All Day,,,,,,,,
8/13/14,T,0.375,T,NW,Morning,,,,,,,,
8/14/14,F,,F,NE,,,,,,,,,
8/15/14,F,,T,SE,Afternoon,,,,,,,,
8/16/14,F,,F,SE,,,,,,,,,
8/17/14,F,,F,W,,,,,,,,,
8/18/14,F,,T,NW,Evening,,,,,,,,
8/19/14,T,0.625,T,NE,All Day,,,,,,,,
8/20/14,F,,T,NE,Afternoon,,,,,,,,
8/21/14,T,0.5,T,NE,"Afternoon, Overnight",,,,,,,,
8/22/14,F,,F,N,,,,,,,,,
8/23/14,F,,F,SE,,,,,,,,,
8/24/14,F,,F,Clear,,,,,,,,,
8/25/14,F,,F,NE,,,,,,,,,
8/26/14,T,0.0625,T,NE,Afternoon,,,,,,,,
8/27/14,T,0.25,T,E,"Evening, Overnight",,,,,,,,
8/28/14,F,,F,Clear,,,,,,,,,
8/29/14,F,,F,Clear,,,,,,,,,
8/30/14,F,,F,Clear,,,,,,,,,
8/31/14,F,,F,Clear,,,,,,,,,
9/1/14,F,,F,Clear,,,,,,,,,
9/2/14,F,,F,Clear,,,,,,,,,
9/3/14,F,,F,Clear,,,,,,,,,
9/4/14,T,0.375,T,NE,All Day,,,,,,,,
9/5/14,T,0.75,T,NE,Afternoon,,,,,,,,
9/6/14,F,,T,N,,,,,,,,,
9/7/14,T,0.375,T,NE,Evening,,"44 year flood in Phoenix, Sky Harbor",,,,,,
9/8/14,T,0.25,T,NE,Evening,,,,,,,,
9/9/14,F,,T,NE,Evening,,,,,,,,
9/10/14,F,,F,Clear,,,,,,,,,
9/11/14,F,,F,Clear,,,,,,,,,
9/12/14,F,,F,NE,,,,,,,,,
9/13/14,F,,F,NE,,,,,,,,,
9/14/14,F,,F,E,,,,,,,,,
9/15/14,F,,F,Clear,,,,,,,,,
9/16/14,F,,T,NW,Afternoon,,,,,,,,
9/17/14,F,,T,NW,Morning,,,,,,,,
9/18/14,F,,F,Clear,,,,,,,,,
9/19/14,T,0.5,T,NE,Morning,,,,,,,,
9/20/14,F,,F,Clear,,,,,,,,,
9/21/14,F,,F,Clear,,,,,,,,,
9/22/14,F,,F,Clear,,,,,,,,,
9/23/14,F,,F,Clear,,,,,,,,,
9/24/14,F,,F,Clear,,,,,,,,,
9/25/14,F,,F,Clear,,,,,,,,,
9/26/14,F,,F,N,,,,,,,,,
9/27/14,T,0.75,T,,All Day,,,,,,,,
9/28/14,F,,F,Clear,,,,,,,,,
9/29/14,F,,F,Clear,,,,,,,,,
9/30/14,F,,F,Clear,,,,,,,,,
7/1/15,,,,,,,,,,,,,
7/2/15,,,,,,,,,,,,,
7/3/15,F,,T,,Afternoon,,,,,,,,
7/4/15,,,,,,,,,,,,,
7/5/15,,,,,,,,,,,,,
7/6/15,,,,,,,,,,,,,
7/7/15,,,,,,,,,,,,,
7/8/15,,,,,,,,,,,,,
7/9/15,,,,,,,,,,,,,
7/10/15,F,,T,,Overnight,,,,,,,,
7/11/15,,,,,,,,,,,,,
7/12/15,,,,,,,,,,,,,
7/13/15,,,,,,,,,,,,,
7/14/15,,,,,,,,,,,,,
7/15/15,,,,,,,,,,,,,
7/16/15,,,,,,,,,,,,,
7/17/15,,,,,,,,,,,,,
7/18/15,T,1.5,T,,Evening,,,,,,,,
7/19/15,T,0.625,T,,Evening,,,,,,,,
7/20/15,T,0.125,T,,Morning,,Got new rain gauge,,,,,,
7/21/15,,,,,,,,,,,,,
7/22/15,,,,,,,,,,,,,
7/23/15,,,,,,,,,,,,,
7/24/15,,,,,,,,,,,,,
7/25/15,,,,,,,,,,,,,
7/26/15,,,,,,,,,,,,,
7/27/15,,,,,,,,,,,,,
7/28/15,,,,,,,,,,,,,
7/29/15,,,,,,,,,,,,,
7/30/15,F,,T,,"Morning, Evening",,,,,,,,
7/31/15,F,,T,,Noon,,,,,,,,
8/1/15,,,,,,,,,,,,,
8/2/15,F,,T,,Afternoon,,,,,,,,
8/3/15,,,,,,,,,,,,,
8/4/15,,,,,,,,,,,,,
8/5/15,,,,,,,,,,,,,
8/6/15,,,,,,,,,,,,,
8/7/15,T,1.1875,T,NE,All Day,,,,,,,,
8/8/15,F,,T,N,Evening,,,,,,,,
8/9/15,F,,F,N,,,,,,,,,
8/10/15,F,,T,NE,Overnight,,,,,,,,
8/11/15,T,0.8125,T,NE,All Day,,,,,,,,
8/12/15,,,,,,,,,,,,,
8/13/15,,,,,,,,,,,,,
8/14/15,,,,,,,,,,,,,
8/15/15,T,1.125,T,,Afternoon,,,,,,,,
8/16/15,,,,,,,,,,,,,
8/17/15,,,,,,,,,,,,,
8/18/15,,,,,,,,,,,,,
8/19/15,,,,,,,,,,,,,
8/20/15,,,,,,,,,,,,,
8/21/15,,,,,,,,,,,,,
8/22/15,,,,,,,,,,,,,
8/23/15,F,,T,NE,Noon,,,,,,,,
8/24/15,,,,,,,,,,,,,
8/25/15,T,0.8125,T,N,All Day,,,,,,,,
8/26/15,F,,F,NE,,,,,,,,,
8/27/15,F,,T,E,Morning,,,,,,,,
8/28/15,F,,F,NE,,,,,,,,,
8/29/15,T,0.375,T,NE,Evening,,,,,,,,
8/30/15,F,,T,NE,Noon,,,,,,,,
8/31/15,F,,F,NE,,,,,,,,,
10/1/15,,,,,,,,,,,,,
10/2/15,,,,,,,,,,,,,
10/3/15,,,,,,,,,,,,,
10/4/15,T,0.25,T,,Morning,,,,,,,,
10/5/15,T,0.875,T,,All Day,,,,,,,,
10/6/15,,,,,,,,,,,,,
10/7/15,,,,,,,,,,,,,
10/8/15,,,,,,,,,,,,,
10/9/15,,,,,,,,,,,,,
10/10/15,,,,,,,Astella's First Deer!,,,,,,
10/11/15,,,,,,,,,,,,,
10/12/15,,,,,,,,,,,,,
10/13/15,,,,,,,,,,,,,
10/14/15,,,,,,,,,,,,,
10/15/15,,,,,,,,,,,,,
10/16/15,T,0.875,T,,Morning,,,,,,,,
10/17/15,T,1.4375,T,,All Day,,,,,,,,
10/18/15,F,,T,,,,,,,,,,
10/19/15,T,0.875,T,,All Day,,,,,,,,
10/20/15,T,1.1875,T,,All Day,,Rain + Intense thunder early am. Woke us all up.,,,,,,
10/21/15,,,,,,,,,,,,,
10/22/15,,,,,,,,,,,,,
10/23/15,,,,,,,,,,,,,
10/24/15,,,,,,,,,,,,,
10/25/15,,,,,,,,,,,,,
10/26/15,,,,,,,,,,,,,
10/27/15,,,,,,,,,,,,,
10/28/15,,,,,,,,,,,,,
10/29/15,T,0.5,T,,All Day,,,,,,,,
10/30/15,,,,,,,,,,,,,
10/31/15,,,,,,,,,,,,,
7/1/16,,,,,,,"RV Trip, ""good rain"" according to mom",,,,,,
7/2/16,T,,T,,Evening,,"RV Trip, pm storm",,,,,,
7/3/16,,,,,,,RV Trip,,,,,,
7/4/16,,,,,,,RV Trip,,,,,,
7/5/16,,,,,,,RV Trip,,,,,,
7/6/16,,,,,,,RV Trip,,,,,,
7/7/16,,,,,,,RV Trip,,,,,,
7/8/16,,,,,,,RV Trip,,,,,,
7/9/16,,,,,,,RV Trip,,,,,,
7/10/16,,,,,,,RV Trip,,,,,,
7/11/16,,,,,,,This week was dry as a bone,,,,,,
7/12/16,,,,,,,This week was dry as a bone,,,,,,
7/13/16,,,,,,,This week was dry as a bone,,,,,,
7/14/16,,,,,,,This week was dry as a bone,,,,,,
7/15/16,,,,,,,This week was dry as a bone,,,,,,
7/16/16,,,,,,,This week was dry as a bone,,,,,,
7/17/16,,,,,,,,,,,,,
7/18/16,T,0.125,T,W,Afternoon,,,,,,,,
7/19/16,F,,T,SE,Afternoon,,,,,,,,
7/20/16,F,,T,S,Afternoon,,,,,,,,
7/21/16,F,,F,NE,,,,,,,,,
7/22/16,F,,T,SE,Noon,,,,,,,,
7/23/16,F,,T,S,Evening,,,,,,,,
7/24/16,T,0.75,T,SW,Afternoon,,,,,,,,
7/25/16,T,0.5625,T,SW,Noon,,,,,,,,
7/26/16,,,,,,,,,,,,,
7/27/16,,,,,,,,,,,,,
7/28/16,,,,,,,,,,,,,
7/29/16,F,,F,SW,,,,,,,,,
7/30/16,T,0.375,T,,"Noon, Overnight",,,,,,,,
7/31/16,T,0.125,T,,Morning,,,,,,,,
8/1/16,T,0.25,T,N,Afternoon,,,,,,,,
8/2/16,T,0.375,T,S,Noon,,,,,,,,
8/3/16,T,0.4375,T,SW,All Day,,,,,,,,
8/4/16,T,0.0625,T,NE,Noon,,,,,,,,
8/5/16,,,,,,,,,,,,,
8/6/16,,,,,,,,,,,,,
8/7/16,,,,,,,,,,,,,
8/8/16,,,,,,,,,,,,,
8/9/16,,,,,,,,,,,,,
8/10/16,,,,,,,,,,,,,
8/11/16,T,0.1875,T,NE,Overnight,,,,,,,,
8/12/16,T,0.0625,T,E,All Day,,,,,,,,
8/13/16,,,,,,,,,,,,,
8/14/16,,,,,,,,,,,,,
8/15/16,T,0.125,T,E,Evening,,,,,,,,
8/16/16,F,,T,NE,Afternoon,,,,,,,,
8/17/16,F,,T,SE,Noon,,Left for 15th anniv trip,,,,,,
8/18/16,,,,,,,15th anniv trip,,,,,,
8/19/16,T,0.625,T,,,,"15th anniv trip, grandma reported",,,,,,
8/20/16,,,,,,,15th anniv trip,,,,,,
8/21/16,,,,,,,,,,,,,
8/22/16,,,,,,,,,,,,,
8/23/16,F,,T,S,Evening,,,,,,,,
8/24/16,F,,T,S,Evening,,,,,,,,
8/25/16,T,0.5,T,NE,All Day,,,,,,,,
8/26/16,T,0.125,T,NE,Noon,,,,,,,,
8/27/16,T,0.6875,T,NE,Morning,,Daddy night with Blake,,,,,,
8/28/16,,,,,,,,,,,,,
8/29/16,,,,,,,,,,,,,
8/30/16,T,0.375,T,,,,Alicia Reported on Sunday,,,,,,
8/31/16,,,,,,,,,,,,,
9/1/16,,,,,,,,,,,,,
9/2/16,F,,T,NE,Morning,,,,,,,,
9/3/16,,,,,,,,,,,,,
9/4/16,,,,,,,,,,,,,
9/5/16,,,,,,,,,,,,,
9/6/16,,,,,,,,,,,,,
9/7/16,,,,,,,,,,,,,
9/8/16,,,,,,,,,,,,,
9/9/16,,,,,,,,,,,,,
9/10/16,,,,,,,,,,,,,
9/11/16,,,,,,,,,,,,,
9/12/16,,,,,,,,,,,,,
9/13/16,,,,,,,,,,,,,
9/14/16,,,,,,,,,,,,,
9/15/16,,,,,,,,,,,,,
9/16/16,,,,,,,,,,,,,
9/17/16,,,,,,,,,,,,,
9/18/16,,,,,,,,,,,,,
9/19/16,,,,,,,,,,,,,
9/20/16,T,0.5,T,,All Day,,,,,,,,
9/21/16,F,,T,,Overnight,,,,,,,,
9/22/16,T,0.5,T,,Overnight,,,,,,,,
9/23/16,,,,,,,,,,,,,
9/24/16,,,,,,,,,,,,,
9/25/16,,,,,,,,,,,,,
9/26/16,,,,,,,,,,,,,
9/27/16,T,0.125,T,E,Evening,,,,,,,,
9/28/16,T,0.25,T,,"Noon, Afternoon",,,,,,,,
9/29/16,T,0.125,T,,All Day,,,,,,,,
9/30/16,T,0.375,T,,,,,,,,,,
7/1/17,,,,,,,,,,,,,
7/2/17,,,,,,,,,,,,,
7/3/17,,,,,,,,,,,,,
7/4/17,,,,,,,,,,,,,
7/5/17,,,,,,,,,,,,,
7/6/17,,,,,,,,,,,,,
7/7/17,T,0.13,T,SW,Evening,,,,,,,,
7/8/17,F,,T,W,Noon,,,,,,,,
7/9/17,T,0.04,F,W,Morning,,,,,,,,
7/10/17,F,,F,W,,,,,,,,,
7/11/17,T,0.45,T,SE,Afternoon,,,,,,,,
7/12/17,T,0.1,T,SE,Afternoon,,,,,,,,
7/13/17,T,0.17,T,SE,Afternoon,,,,,,,,
7/14/17,F,,T,S,Afternoon,,,,,,,,
7/15/17,T,0.15,T,S,Evening,,,,,,,,
7/16/17,T,0.03,T,S,Afternoon,,,,,,,,
7/17/17,T,0.01,T,SW,Noon,,,,,,,,
7/18/17,T,0.24,T,W,,,,,,,,,
7/19/17,F,,F,NW,,,,,,,,,
7/20/17,T,0.02,T,W,Noon,,,,,,,,
7/21/17,T,0.13,T,,Morning,,,,,,,,
7/22/17,F,,F,SW,,,,,,,,,
7/23/17,T,0.14,T,W,Noon,,,,,,,,
7/24/17,T,0.28,T,NW,All Day,,,,,,,,
7/25/17,T,0.05,T,NE,Evening,,,,,,,,
7/26/17,F,,F,NE,,,,,,,,,
7/27/17,T,0.06,T,NE,Afternoon,,Lake Mary Canoe/Boat Campout,,,,,,
7/28/17,T,0.15,T,SW,,,,,,,,,
7/29/17,T,0.02,T,S,Noon,,,,,,,,
7/30/17,T,0.21,T,S,Noon,,,,,,,,
7/31/17,T,0.07,T,SW,Evening,,,,,,,,
8/1/17,F,,F,W,,,,,,,,,
8/2/17,F,,F,W,,,,,,,,,
8/3/17,F,,F,NW,,,,,,,,,
8/4/17,T,0.17,T,NE,All Day,,,,,,,,
8/5/17,T,0.03,T,NE,Afternoon,,,,,,,,
8/6/17,F,,F,NE,,,,,,,,,
8/7/17,F,,F,NE,,,,,,,,,
8/8/17,,,,,,,,,,,,,
8/9/17,,,,,,,,,,,,,
8/10/17,T,0.94,T,NE,Evening,,,,,,,,
8/11/17,F,,F,NE,,,,,,,,,
8/12/17,T,0.19,T,NE,Afternoon,,,,,,,,
8/13/17,T,0.39,T,NE,All Day,,,,,,,,
8/14/17,F,,F,NE,,,,,,,,,
8/15/17,,,,,,,,,,,,,
8/16/17,,,,,,,,,,,,,
8/17/17,,,,,,,,,,,,,
8/18/17,,,,,,,"Dust Devil! Backyard, sounded like tornado.",,,,,,
8/19/17,,,,,,,,,,,,,
8/20/17,T,0.35,T,NW,"Noon, Afternoon",,,,,,,,
8/21/17,T,0.15,T,NW,Afternoon,,,,,,,,
8/22/17,T,0.68,T,,Overnight,,,,,,,,
8/23/17,,,,,,,,,,,,,
8/24/17,F,,F,SE,,,DRY - deer season,,,,,,
8/25/17,,,,,,,,,,,,,
8/26/17,F,,F,SW,,,,,,,,,
8/27/17,,,,,,,,,,,,,
8/28/17,F,,T,SW,Morning,,,,,,,,
8/29/17,F,,F,SW,,,,,,,,,
8/30/17,,,,,,,,,,,,,
8/31/17,F,,F,NE,,,,,,,,,
9/1/17,F,,F,S,,,,,,,,,
9/2/17,,,,,,,,,,,,,
9/3/17,,,,,,,,,,,,,
9/4/17,T,0.01,T,,Overnight,,,,,,,,
9/5/17,F,,F,SW,,,,,,,,,
9/6/17,,,,,,,,,,,,,
9/7/17,T,0.01,T,N,Afternoon,,,,,,,,
9/8/17,T,0.06,T,N,"Afternoon, Overnight",,,,,,,,
9/9/17,T,0.05,T,,Morning,,,,,,,,
9/10/17,F,,F,NW,,,,,,,,,
9/11/17,T,0.06,T,N,Evening,,,,,,,,
9/12/17,T,0.19,T,NE,Afternoon,,,,,,,,
9/13/17,T,0.04,T,NE,Evening,,,,,,,,
9/14/17,T,0.17,T,,,,,,,,,,
9/15/17,,,,,,,,,,,,,
9/16/17,,,,,,,,,,,,,
9/17/17,,,,,,,,,,,,,
9/18/17,,,,,,,,,,,,,
9/19/17,,,,,,,,,,,,,
9/20/17,,,,,,,,,,,,,
9/21/17,,,,,,,,,,,,,
9/22/17,,,,,,,,,,,,,
9/23/17,,,,,,,,,,,,,
9/24/17,,,,,,,,,,,,,
9/25/17,,,,,,,,,,,,,
9/26/17,,,,,,,,,,,,,
9/27/17,,,,,,,,,,,,,
9/28/17,,,,,,,,,,,,,
9/29/17,,,,,,,,,,,,,
9/30/17,,,,,,,,,,,,,
7/1/18,,,,,,,VACATION,,,,,,
7/2/18,,,,,,,VACATION,,,,,,
7/3/18,,,,,,,VACATION,,,,,,
7/4/18,,,,,,,VACATION,,,,,,
7/5/18,,,,,,,VACATION,,,,,,
7/6/18,,,,,,,VACATION,,,,,,
7/7/18,,,,,,,VACATION,,,,,,
7/8/18,T,0.1,T,,Overnight,,VACATION,,,,,,
7/9/18,T,0.01,T,W,Evening,,VACATION,,,,,,
7/10/18,F,,T,W,,,VACATION,,,,,,
7/11/18,F,,F,W,,,,,,,,,
7/12/18,F,,F,NW,,,,,,,,,
7/13/18,T,0.1,T,NW,"Afternoon, Evening",,,,,,,,
7/14/18,T,0.61,T,SW,All Day,,,,,,,,
7/15/18,T,0.01,T,SW,Evening,,,,,,,,
7/16/18,T,0.05,T,SW,Evening,,CA | C++ Training,,,,,,
7/17/18,F,,F,SW,,,,,,,,,
7/18/18,T,1.12,T,SW,Afternoon,,,,,,,,
7/19/18,T,0.88,T,SW,All Day,,,,,,,,
7/20/18,F,,F,N,,,,,,,,,
7/21/18,,,,,,,,,,,,,
7/22/18,,,,,,,,,,,,,
7/23/18,T,0.02,T,NE,Afternoon,,,,,,,,
7/24/18,T,0.02,T,NE,Afternoon,,,,,,,,
7/25/18,F,,F,SE,,,,,,,,,
7/26/18,F,,T,SE,Afternoon,,,,,,,,
7/27/18,T,0.69,T,SE,All Day,,,,,,,,
7/28/18,T,0.21,T,SW,"Noon, Afternoon",,,,,,,,
7/29/18,F,,F,SW,,,,,,,,,
7/30/18,F,,F,SW,,,,,,,,,
7/31/18,F,,T,SW,Afternoon,,,,,,,,
8/1/18,T,0.48,T,NE,"Afternoon, Evening",,,,,,,,
8/2/18,F,,F,E,,,,,,,,,
8/3/18,T,0.01,T,E,Afternoon,,,,,,,,
8/4/18,F,,F,E,,,,,,,,,
8/5/18,F,,F,Clear,,,,,,,,,
8/6/18,F,,F,Clear,,,,,,,,,
8/7/18,F,,F,SE,,,,,,,,,
8/8/18,T,0.16,T,SW,Afternoon,,,,,,,,
8/9/18,T,0.01,T,SW,Afternoon,,,,,,,,
8/10/18,F,,F,SW,,,,,,,,,
8/11/18,F,,F,SW,,,,,,,,,
8/12/18,T,0.22,T,SW,Afternoon,,,,,,,,
8/13/18,T,0.27,T,SW,Afternoon,,,,,,,,
8/14/18,T,0.03,T,E,"Afternoon, Evening",,,,,,,,
8/15/18,F,,F,NW,,,,,,,,,
8/16/18,T,0.08,T,NE,Afternoon,,,,,,,,
8/17/18,T,0.28,T,NW,Afternoon,,,,,,,,
8/18/18,F,,T,SE,"Morning, Evening",,,,,,,,
8/19/18,F,,F,SE,,,,,,,,,
8/20/18,F,,F,NE,,,,,,,,,
8/21/18,T,0.06,T,N,Morning,,,,,,,,
8/22/18,T,0.4,T,NE,All Day,,,,,,,,
8/23/18,T,0.25,T,E,All Day,,,,,,,,
8/24/18,T,1.32,T,E,All Day,,,,,,,,
8/25/18,T,,T,E,,,,,,,,,
8/26/18,F,,F,NE,,,,,,,,,
8/27/18,F,,F,Clear,,,,,,,,,
8/28/18,F,,F,Clear,,,,,,,,,
8/29/18,F,,F,,,,,,,,,,
8/30/18,F,,F,Clear,,,,,,,,,
8/31/18,F,,F,Clear,,,,,,,,,
9/1/18,F,,T,E,Morning,,,,,,,,
9/2/18,T,0.08,T,S,"Noon, Afternoon",,,,,,,,
9/3/18,T,0.39,T,S,"Morning, Afternoon",,,,,,,,
9/4/18,T,0.05,T,NE,Afternoon,,,,,,,,
9/5/18,F,,T,NE,Morning,,,,,,,,
9/6/18,T,0.09,T,SE,Afternoon,,,,,,,,
9/7/18,F,,F,S,,,,,,,,,
9/8/18,,,,,,,"Gilbert temple, Taylor's Endowment, Pres Oaks shook his hand, Cheesecake Factory, Great Day",,,,,,
9/9/18,,,,,,,,,,,,,
9/10/18,,,,,,,,,,,,,
9/11/18,,,,,,,,,,,,,
9/12/18,,,,,,,,,,,,,
9/13/18,,,,,,,,,,,,,
9/14/18,,,,,,,,,,,,,
9/15/18,,,,,,,,,,,,,
9/16/18,,,,,,,,,,,,,
9/17/18,,,,,,,,,,,,,
9/18/18,,,,,,,,,,,,,
9/19/18,T,0.31,T,,All Day,,,,,,,,
9/20/18,,,,,,,,,,,,,
9/21/18,,,,,,,,,,,,,
9/22/18,,,,,,,,,,,,,
9/23/18,,,,,,,,,,,,,
9/24/18,T,0.1,T,NE,Afternoon,,,,,,,,
9/25/18,T,0.24,T,NE,"Morning, Afternoon",,,,,,,,
9/26/18,,,,,,,,,,,,,
9/27/18,,,,,,,,,,,,,
9/28/18,,,,,,,,,,,,,
9/29/18,,,,,,,,,,,,,
9/30/18,F,,T,,Evening,,,,,,,,
7/1/19,,,,,,,,,,,,,
7/2/19,,,,,,,,,,,,,
7/3/19,,,,,,,,,,,,,
7/4/19,,,,,,,,,,,,,
7/5/19,,,,,,,,,,,,,
7/6/19,,,,,,,,,,,,,
7/7/19,,,,,,,,,,,,,
7/8/19,,,,,,,,,,,,,
7/9/19,,,,,,,,,,,,,
7/10/19,,,,,,,,,,,,,
7/11/19,,,,,,,,,,,,,
7/12/19,T,0.03,T,NE,Afternoon,,"First Monsoon rain, but light, no very monsoon-like",,,,,,
7/13/19,T,0.02,T,N,,,,,,,,,
7/14/19,F,,F,,,,,,,,,,
7/15/19,F,,F,NE,,,,,,,,,
7/16/19,F,,F,Clear,,,,,,,,,
7/17/19,F,,F,Clear,,,,,,,,,
7/18/19,F,,F,Clear,,,,,,,,,
7/19/19,F,,F,Clear,,,,,,,,,
7/20/19,F,,F,Clear,,,,,,,,,
7/21/19,F,,F,Clear,,,Museum Fire Start,,,,,,
7/22/19,F,,F,,,,"Evening t-storm, caused problems with fire",,,,,,
7/23/19,F,,T,NW,Evening,30,,,,,,,
7/24/19,T,0.02,T,NW,Overnight,60,,,,,,,
7/25/19,F,,F,NE,,20,,,,,,,
7/26/19,T,0.01,T,NE,Afternoon,40,,,,,,,
7/27/19,T,0.01,T,NE,Evening,20,,,,,,,
7/28/19,F,,F,,,10,,,,,,,
7/29/19,T,0.03,T,NE,Evening,10,,,,,,,
7/30/19,T,0.22,T,NW,All Day,80,,,,,,,
7/31/19,T,0.23,T,NW,Morning,80,,,,,,,
8/1/19,T,0.02,T,NE,Evening,40,,,,,,,
8/2/19,T,0.01,T,E,,20,,,,,,,
8/3/19,T,0.46,T,NE,Afternoon,30,,,,,,,
8/4/19,T,0.18,T,Still,Noon ,50,,,,,,,
8/5/19,T,0.63,T,SE,Noon,20,Me and Alanna wathced and predicted the unwinding from peaks toward DP,,,,,,
8/6/19,F,,T,NW,,40,,,,,,,
8/7/19,F,,F,NE,,40,,,,,,,
8/8/19,F,,F,NE,,20,,,,,,,
8/9/19,T,0.01,T,NE,Evening,20,,,,,,,
8/10/19,F,,F,NE,,,,,,,,,
8/11/19,F,,F,Clear,,,"Nothing, not close",,,,,,
8/12/19,F,,F,Clear,,,"Nothing, not close",,,,,,
8/13/19,F,,F,Clear,,,"Nothing, not close",,,,,,
8/14/19,F,,F,Clear,,,"Nothing, not close",,,,,,
8/15/19,F,,F,Clear,,,"Nothing, not close",,,,,,
8/16/19,F,,F,Clear,,,"Nothing, not close",,,,,,
8/17/19,F,,F,Clear,,,"Nothing, not close",,,,,,
8/18/19,F,,F,Clear,,,From bad to worse,,,,,,
8/19/19,F,,F,Clear,,,From bad to worse,,,,,,
8/20/19,F,,F,Clear,,,From bad to worse,,,,,,
8/21/19,F,,F,Clear,,,From bad to worse,,,,,,
8/22/19,F,,F,Clear,,,From bad to worse,,,,,,
8/23/19,F,,F,Clear,,,From bad to worse,,,,,,
8/24/19,F,,F,Clear,,,From bad to worse,,,,,,
8/25/19,F,,F,Clear,,,,,,,,,
8/26/19,F,,F,Clear,,,,,,,,,
8/27/19,F,,T,SE,Evening,20,,,,,,,
8/28/19,T,0.15,T,SE,Afternoon,50,,,,,,,
8/29/19,T,0.38,T,SE,Noon,40,,,,,,,
8/30/19,F,,T,SE,Noon ,10,,,,,,,
8/31/19,F,,F,SW,,20,,,,,,,
9/1/19,F,,F,SW,,,,,,,,,
9/2/19,F,,F,SW,,20,,,,,,,
9/3/19,F,,T,NW,Afternoon,10,,,,,,,
9/4/19,T,0.06,T,NW,"Afternoon, Overnight",20,,,,,,,
9/5/19,T,0.05,T,NW,Evening,10,,,,,,,
9/6/19,T,0.09,T,NE,Afternoon,10,,,,,,,
9/7/19,F,,T,NE,Evening,10,,,,,,,
9/8/19,F,,F,,,10,Winds of Change!!,,,,,,
9/9/19,,,,,,,,,,,,,
9/10/19,F,,T,,,20,,,,,,,
9/11/19,,,,,,,WIND,,,,,,
9/12/19,,,,,,,,,,,,,
9/13/19,,,,,,,,,,,,,
9/14/19,,,,,,,,,,,,,
9/15/19,,,,,,,,,,,,,
9/16/19,T,0.19,T,,Morning,40,"LIGHTNING STRIKE!! Tree SE of house, bark on driveway",,,,,,
9/17/19,,,,,,,,,,,,,
9/18/19,,,,,,,,,,,,,
9/19/19,,,,,,,,,,,,,
9/20/19,,,,,,,,,,,,,
9/21/19,,,,,,,,,,,,,
9/22/19,,,,,,,,,,,,,
9/23/19,T,0.66,T,,All Day,,Hurricane Lorena Remnants,,,,,,
9/24/19,,,,,,,,,,,,,
9/25/19,T,0.03,T,,Evening,,,,,,,,
9/26/19,,,,,,,,,,,,,
9/27/19,,,,,,,,,,,,,
7/1/20,,,,,,,Covid year :/,,,,,,
7/2/20,,,,,,,,,,,,,
7/3/20,T,0.08,T,NE,"Morning, Afternoon",40,First Rain!,,,,,,
7/4/20,,,,,,,,,,,,,
7/5/20,,,,,,,,,,,,,
7/6/20,,,,,,,,,,,,,
7/7/20,,,,,,,,,,,,,
7/8/20,,,,,,,,,,,,,
7/9/20,,,,,,,,,,,,,
7/10/20,F,,F,NE,,10,,,,,,,
7/11/20,F,,T,NE,Noon,30,,,,,,,
7/12/20,F,,T,NE,Afternoon,50,,,,,,,
7/13/20,,,,,,10,,,,,,,
7/14/20,,,,,,,,,,,,,
7/15/20,T,0.21,T,SW,Evening,10,,,,,,,
7/16/20,T,0.04,T,NE,,,,,,,,,
7/17/20,T,0.07,T,Still,,20,,,,,,,
7/18/20,T,0.45,T,NW,Noon,20,,,,,,,
7/19/20,F,,T,N,Morning,20,,,,,,,
7/20/20,F,,F,Still,,,,,,,,,
7/21/20,F,,T,NE,Morning,10,,,,,,,
7/22/20,T,0.12,T,E,"Morning, Evening",60,,,,,,,
7/23/20,T,0.05,T,NE,Overnight,20,Bust Day,,,,,,
7/24/20,T,0.55,T,NE,All Day,50,,,,,,,
7/25/20,T,0.2,T,NE,Afternoon,50,,,,,,,
7/26/20,F,,F,NW,,5,,,,,,,
7/27/20,F,,F,NE,,20,,,,,,,
7/28/20,F,,F,NE,,20,,,,,,,
7/29/20,,,,,,0,,,,,,,
7/30/20,,,,,,,,,,,,,
7/31/20,,,,,,,,,,,,,
8/1/20,T,0.07,T,SE,Afternoon,0,,,,,,,
8/2/20,T,0.1,T,SE,Afternoon,0,,,,,,,
8/3/20,F,,F,Clear,,0,Non-soon returns,,,,,,
8/4/20,,,,,,,,,,,,,
8/5/20,,,,,,,,,,,,,
8/6/20,,,,,,,,,,,,,
8/7/20,,,,,,,,,,,,,
8/8/20,,,,,,,,,,,,,
8/9/20,,,,,,,,,,,,,
8/10/20,,,,,,,,,,,,,
8/11/20,,,,,,,,,,,,,
8/12/20,F,,F,NE,,10,,,,,,,
8/13/20,,,,,,,Solar Panel Delivery,,,,,,
8/14/20,,,,,,,,,,,,,
8/15/20,,,,,,,,,,,,,
8/16/20,F,,F,Clear,,,98 F @ 3:30 pm (record heat),,,,,,
8/17/20,F,,F,SE,,20,Dad doesn't believe the weather forecast,,,,,,
8/18/20,F,,F,SW,,20,,,,,,,
8/19/20,T,0.01,T,W,Afternoon,20,,,,,,,
8/20/20,T,0.04,T,SE,Afternoon,50,,,,,,,
8/21/20,F,,T,SW,Afternoon,,,,,,,,
8/22/20,F,,F,W,,,,,,,,,
8/23/20,T,0.02,T,NW,Afternoon,20,,,,,,,
8/24/20,F,,F,NE,,20,,,,,,,
8/25/20,T,0.06,T,NE,Afternoon,50,"""Windy Eve ARG!""",,,,,,
8/26/20,F,,F,SE,,50,,,,,,,
8/27/20,T,0.38,F,E,All Day,30,,,,,,,
8/28/20,T,0.05,T,N,Afternoon,10,,,,,,,
8/29/20,F,,T,NE,Evening,40,,,,,,,
8/30/20,F,,F,E,,60,,,,,,,
8/31/20,F,,F,E,,20,,,,,,,
9/1/20,F,,F,E,,20,Winds of Change (Monsoon out),,,,,,
9/2/20,,,,,,,,,,,,,
9/3/20,,,,,,,Record Heat,,,,,,
9/4/20,,,,,,,,,,,,,
9/5/20,,,,,,,,,,,,,
9/6/20,,,,,,,,,,,,,
9/7/20,,,,,,,Winds of Change (Fall is in),,,,,,
9/8/20,,,,,,,,,,,,,
9/9/20,,,,,,,,,,,,,
9/10/20,,,,,,,,,,,,,
9/11/20,,,,,,,,,,,,,
9/12/20,,,,,,,,,,,,,
9/13/20,,,,,,,,,,,,,
9/14/20,,,,,,,,,,,,,
9/15/20,,,,,,,,,,,,,
9/16/20,,,,,,,,,,,,,
9/17/20,,,,,,,,,,,,,
9/18/20,,,,,,,,,,,,,
9/19/20,,,,,,,,,,,,,
9/20/20,,,,,,,,,,,,,
9/21/20,,,,,,,,,,,,,
9/22/20,T,0.29,T,NE,Afternoon,,,,,,,,
9/23/20,,,,,,,,,,,,,
9/24/20,,,,,,,First RC Flight in Years,,,,,,
9/25/20,,,,,,,Landing Gear Busted Again,,,,,,
9/26/20,,,,,,,,,,,,,
9/27/20,,,,,,,,,,,,,
9/28/20,,,,,,,,,,,,,
9/29/20,,,,,,,,,,,,,
9/30/20,,,,,,,,,,,,,
6/14/21,,,,,,,"Epic Heat Wave, 100 almost every day, lows around 80",,,,,,
6/15/21,,,,,,,,,,,,,
6/16/21,,,,,,,,,,,,,
6/17/21,F,,T,,,,LIGHT RAIN,,,,,,
6/18/21,T,0.09,T,,Noon,,,,,,,,
6/19/21,,,,,,,,,,,,,
6/20/21,,,,,,,,,,,,,
6/21/21,,,,,,,,,,,,,
6/22/21,,,,,,,,,,,,,
6/23/21,,,,,,,Week of Clouds/Scattered Showers,,,,,,
6/24/21,,,,,,,,,,,,,
6/25/21,,,,,,,,,,,,,
6/26/21,,,,,,,,,,,,,
6/27/21,,,,,,,,,,,,,
6/28/21,F,,F,S,,,,,,,,,
6/29/21,F,,F,SW,,24,Feels like monsoon start,,,,,,
6/30/21,T,1.26,T,E,Afternoon,62,Best storm since we built the house,,,,,,
7/1/21,T,0.04,T,SE,Afternoon,15,,,,,,,
7/2/21,F,,F,E,,15,,,,,,,
7/3/21,F,,T,SW,Overnight,23,,,,,,,
7/4/21,T,0.05,T,NW,Evening,40,,,,,,,
7/5/21,F,,F,SE,,15,,,,,,,
7/6/21,F,,F,S,,4,,,,,,,
7/7/21,F,,F,Clear,,1,,,,,,,
7/8/21,F,,F,SW,,15,,,,,,,
7/9/21,F,,T,SW,Evening,15,,,,,,,
7/10/21,,,,,,15,,,,,,,
7/11/21,F,,F,SW,,15,,,,,,,
7/12/21,T,0.26,T,S,Afternoon,45,,,,,,,
7/13/21,T,0.79,T,SE,Afternoon,55,,,,,,,
7/14/21,T,1.74,T,SE,"Morning, Noon",50,,,,,,,
7/15/21,T,0.07,T,SE,All Day,70,,,,,,,
7/16/21,T,1.25,T,SE,All Day,65,,,,,,,
7/17/21,T,0.08,T,W,Morning,45,,,,,,,
7/18/21,T,0.73,T,N,Afternoon,50,,,,,,,
7/19/21,F,,F,NW,,49,,,,,,,
7/20/21,F,,T,NW,Afternoon,49,,,,,,,
7/21/21,T,0.09,T,NW,Afternoon,82,,,,,,,
7/22/21,F,,F,N,,57,NM road trip,,,,,,
7/23/21,T,0.83,T,NW,Afternoon,90,NM road trip,,,,,,
7/24/21,T,0.84,T,SW,Morning,82,NM road trip,,,,,,
7/25/21,T,0.08,T,W,Afternoon,70,NM road trip,,,,,,
7/26/21,F,,F,N,,40,NM road trip,,,,,,
7/27/21,T,,T,N,Evening,15,NM road trip,,,,,,
7/28/21,F,,F,NW,,50,"Lake house to ""camp""",,,,,,
7/29/21,T,0.36,T,NW,Evening,60,"Lake house to ""camp""",,,,,,
7/30/21,T,0.36,T,NW,Noon,70,"Lake house to ""camp""",,,,,,
7/31/21,F,,F,W,,45,"Lake house to ""camp""",,,,,,
8/1/21,T,0.01,T,NE,Evening,19,,,,,,,
8/2/21,F,,F,NE,,7,,,,,,,
8/3/21,,,,,,,,,,,,,
8/4/21,,,,,,,,,,,,,
8/5/21,,,,,,,,,,,,,
8/6/21,F,,F,E,,,,,,,,,
8/7/21,,,,,,1,,,,,,,
8/8/21,,,,,,,,,,,,,
8/9/21,F,,F,NE,,15,,,,,,,
8/10/21,T,0.02,T,SW,Morning,50,,,,,,,
8/11/21,T,0.1,T,SW,Afternoon,25,,,,,,,
8/12/21,F,,T,W,Morning,20,20th Anniversary-Lake House,,,,,,
8/13/21,T,0.1,T,SW,Morning,10,21st Anniversary-Lake House,,,,,,
8/14/21,F,,F,SW,,15,22nd Anniversary-Lake House,,,,,,
8/15/21,T,0.69,T,SW,"Evening, Overnight",15,,,,,,,
8/16/21,F,,F,SE,,45,,,,,,,
8/17/21,T,0.74,T,S,Noon,80,,,,,,,
8/18/21,F,,T,NE,"Morning, Evening",45,,,,,,,
8/19/21,F,,F,NE,,5,Feels like a front,,,,,,
8/20/21,,,,,,,,,,,,,
8/21/21,,,,,,,,,,,,,
8/22/21,,,,,,,,,,,,,
8/23/21,,,,,,,,,,,,,
8/24/21,,,,,,,,,,,,,
8/25/21,,,,,,,,,,,,,
8/26/21,,,,,,,,,,,,,
8/27/21,F,,F,E,,40,,,,,,,
8/28/21,T,0.27,T,SE,Noon,35,,,,,,,
8/29/21,,,,,,15,,,,,,,
8/30/21,F,,T,S,Noon,52,,,,,,,
8/31/21,T,0.64,T,NW,All Day,60,,,,,,,
9/1/21,T,0.48,T,N,Morning,80,,,,,,,
9/2/21,T,0.8,T,E,All Day,15,,,,,,,
9/3/21,T,0.01,T,,Afternoon,10,,,,,,,
9/4/21,,,,,,,,,,,,,
9/5/21,,,,,,,,,,,,,
9/6/21,,,,,,,,,,,,,
9/7/21,,,,,,,,,,,,,
9/8/21,,,,,,,Astella Rexburg Drop-off,,,,,,
9/9/21,,,,,,,Astella Rexburg Drop-off,,,,,,
9/10/21,,,,,,,Astella Rexburg Drop-off,,,,,,
9/11/21,,,,,,,Astella Rexburg Drop-off,,,,,,
9/12/21,,,,,,,,,,,,,
9/13/21,,,,,,,,,,,,,
9/14/21,,,,,,,,,,,,,
9/15/21,,,,,,,,,,,,,
9/16/21,,,,,,,,,,,,,
9/17/21,,,,,,,,,,,,,
9/18/21,T,0.08,T,,"Afternoon, Evening",,,,,,,,
9/19/21,T,0.01,T,,Morning,,,,,,,,
9/20/21,,,,,,,,,,,,,
9/21/21,,,,,,,,,,,,,
9/22/21,,,,,,,,,,,,,
9/23/21,,,,,,,,,,,,,
9/24/21,,,,,,,,,,,,,
9/25/21,,,,,,,,,,,,,
9/26/21,T,0.05,T,,Morning,,,,,,,,
9/27/21,,,,,,,,,,,,,
9/28/21,T,0.01,T,,Evening,,,,,,,,
9/29/21,T,0.09,T,,Evening,,,,,,,,
9/30/21,T,0.01,T,,Morning,,,,,,,,
6/10/22,T,0.12,T,,,,,,,,,,
6/11/22,,,,,,,,,,,,,
6/12/22,,,,,,,"WIND! Red Flg, Pipeline Fire",,,,,,
6/13/22,,,,,,,"WIND! Red Flag, Fremont and Doyle Burned",,,,,,
6/14/22,,,,,,,,,,,,,
6/15/22,,,,,,,SMOKE,,,,,,
6/16/22,,,,,,,WIND Red Flag,,,,,,
6/17/22,T,0.06,T,,,,,,,,,,
6/18/22,,,,,,,,,,,,,
6/19/22,,,,,,,WIND Red Flag,,,,,,
6/20/22,,,,,,,,,,,,,
6/21/22,,,,,,,,,,,,,
6/22/22,F,,T,N,Afternoon,24,,,,,,,
6/23/22,F,,T,NE,Afternoon,40,,,,,,,
6/24/22,T,0.08,T,E,Evening,49,,,,,,,
6/25/22,T,0.13,T,NW,Noon,40,,,,,,,
6/26/22,T,0.23,T,NW,Noon,57,,,,,,,
6/27/22,,,,,,15,,,,,,,
6/28/22,,,,SW,,15,,,,,,,
6/29/22,T,0.84,T,NW,"Noon, Afternoon",50,,,,,,,
6/30/22,T,0.21,T,E,"Evening, Overnight",50,,,,,,,
7/1/22,T,0.4,T,NE,All Day,24,,,,,,,
7/2/22,,,,,,5,,,,,,,
7/3/22,,,,,,0,,,,,,,
7/4/22,,,,,,0,,,,,,,
7/5/22,F,,F,NE,,15,,,,,,,
7/6/22,,,,,,,,,,,,,
7/7/22,,,,,,,,,,,,,
7/8/22,,,,,,,,,,,,,
7/9/22,,,,,,,,,,,,,
7/10/22,,,,,,,,,,,,,
7/11/22,,,,,,,,,,,,,
7/12/22,F,,T,SW,Noon,44,,,,,,,
7/13/22,F,,F,NE,,47,,,,,,,
7/14/22,T,0.08,T,NW,Afternoon,49,,,,,,,
7/15/22,T,0.16,T,,Afternoon,43,,,,,,,
7/16/22,T,0.25,T,NW,Afternoon,30,,,,,,,
7/17/22,F,,F,NW,,24,,,,,,,
7/18/22,T,0.06,T,NW,Afternoon,35,,,,,,,
7/19/22,,,,,,32,Astella Pick-up,,,,,,
7/20/22,T,0.19,T,,Evening,24,Astella Pick-up,,,,,,
7/21/22,F,,F,NE,,17,Astella Pick-up,,,,,,
7/22/22,F,,F,N,,15,,,,,,,
7/23/22,T,0.91,T,,"Afternoon, Evening",,Florida 2022 Vacation,,,,,,
7/24/22,T,0.85,T,,Overnight,40,Florida 2022 Vacation,,,,,,
7/25/22,T,0.11,T,,Afternoon,,Florida 2022 Vacation,,,,,,
7/26/22,T,0.6,T,,"Morning, Evening",75,Florida 2022 Vacation,,,,,,
7/27/22,T,0.24,T,,"Morning, Afternoon",75,Florida 2022 Vacation,,,,,,
7/28/22,T,0.22,T,,Evening,96,Florida 2022 Vacation,,,,,,
7/29/22,T,1.66,T,NW,Afternoon,80,Florida 2022 Vacation,,,,,,
7/30/22,T,0.61,T,N,Morning,70,Florida 2022 Vacation,,,,,,
7/31/22,T,0.76,T,N,Evening,40,,,,,,,
8/1/22,T,0.01,T,NE,Afternoon,24,,,,,,,
8/2/22,,,,,,24,,,,,,,
8/3/22,T,0.05,T,NE,Overnight,45,,,,,,,
8/4/22,,,,,,65,,,,,,,
8/5/22,,,,,,6,,,,,,,
8/6/22,,,,,,70,,,,,,,
8/7/22,T,0.51,T,S,"Noon, Afternoon",45,,,,,,,
8/8/22,F,,T,W,Evening,62,,,,,,,
8/9/22,T,0.03,T,NW,Overnight,65,,,,,,,
8/10/22,T,0.31,T,NW,Afternoon,50,,,,,,,
8/11/22,T,0.08,T,N,Morning,60,,,,,,,
8/12/22,T,0.03,T,NW,Noon,60,,,,,,,
8/13/22,T,0.22,T,NE,Noon,60,,,,,,,
8/14/22,T,0.24,T,SE,Afternoon,50,,,,,,,
8/15/22,T,0.05,T,NW,Afternoon,71,,,,,,,
8/16/22,T,0.03,T,NW,Overnight,40,,,,,,,
8/17/22,F,,F,N,,60,,,,,,,
8/18/22,T,1.39,T,SW,All Day,45,,,,,,,
8/19/22,T,0.07,T,SE,Afternoon,70,,,,,,,
8/20/22,F,,F,S,,15,,,,,,,
8/21/22,T,0.26,T,SE,Evening,65,,,,,,,
8/22/22,F,,F,SE,,15,,,,,,,
8/23/22,,,,,,15,,,,,,,
8/24/22,T,0.13,T,W,Evening,65,,,,,,,
8/25/22,T,0.32,T,NE,"Noon, Afternoon",64,,,,,,,
8/26/22,F,,T,E,Noon,50,,,,,,,
8/27/22,F,,F,E,,30,,,,,,,
8/28/22,,,,,,25,,,,,,,
8/29/22,,,,,,15,,,,,,,
8/30/22,,,,,,0,,,,,,,
8/31/22,,,,,,0,,,,,,,
9/1/22,,,,,,,,,,,,,
9/2/22,,,,,,,,,,,,,
9/3/22,,,,,,,,,,,,,
9/4/22,,,,,,,,,,,,,
9/5/22,,,,,,,,,,,,,
9/6/22,,,,,,,,,,,,,
9/7/22,,,,,,,,,,,,,
9/8/22,,,,,,,,,,,,,
9/9/22,,,,,,,,,,,,,
9/10/22,T,0.27,T,NW,Morning,,,,,,,,
9/11/22,,,,,,,,,,,,,
9/12/22,T,0.05,T,N,Noon,75,,,,,,,
9/13/22,T,0.16,T,NE,Evening,35,,,,,,,
9/14/22,T,0.02,T,NE,Morning,15,,,,,,,
9/15/22,,,,,,,,,,,,,
9/16/22,,,,,,,,,,,,,
9/17/22,,,,,,,,,,,,,
9/18/22,,,,,,,,,,,,,
9/19/22,,,,,,,,,,,,,
9/20/22,T,0.02,T,N,Noon,60,,,,,,,
9/21/22,T,0.98,T,NE,All Day,90,,,,,,,
9/22/22,,,,,,,,,,,,,
9/23/22,,,,,,,,,,,,,
9/24/22,,,,,,,,,,,,,
7/1/23,,,,,,,,,,,,,
7/2/23,,,,,,,,,,,,,
7/3/23,,,,,,,,,,,,,
7/4/23,,,,,,,,,,,,,
7/5/23,,,,,,,,,,,,,
7/6/23,,,,,,,,,,,,,
7/7/23,,,,,,,,,,,,,
7/8/23,,,,,,,,,,,,,
7/9/23,,,,,,,,,,,,,
7/10/23,,,,,,,,,,,,,
7/11/23,,,,,,,,,,,,,
7/12/23,,,,,,,,,,,,,
7/13/23,,,,,,,,,,,,,
7/14/23,,,,,,,,,,,,,
7/15/23,,,,,,,,,,,,,
7/16/23,,,,,,,103 F,,,,,,
7/17/23,F,,T,N,Afternoon,15,,,,,,,
7/18/23,F,,F,NE,,15,"Lake House Maint, Kids @ FSY",,,,,,
7/19/23,,,,,,15,"Lake House Maint, Kids @ FSY",,,,,,
7/20/23,,,,,,24,"Lake House Maint, Kids @ FSY",,,,,,
7/21/23,T,0.1,T,E,Afternoon,24,,,,,,,
7/22/23,,,,,,10,,,,,,,
7/23/23,T,0.14,T,NW,Afternoon,24,,,,,,,
7/24/23,T,0.2,T,N,All Day,15,,,,,,,
7/25/23,F,,F,NE,,33,,,,,,,
7/26/23,T,0.18,T,NE,"Afternoon, Evening",15,,,,,,,
7/27/23,F,,T,NE,"Morning, Evening",15,,,,,,,
7/28/23,F,,F,NE,,15,,,,,,,
7/29/23,F,,F,NE,,17,,,,,,,
7/30/23,T,0.04,T,NW,Evening,50,,,,,,,
7/31/23,T,0.25,T,NW,All Day,68,,,,,,,
8/1/23,F,,F,NW,,17,,,,,,,
8/2/23,T,0.04,T,NE,Afternoon,24,,,,,,,
8/3/23,,,,,,8,,,,,,,
8/4/23,,,,,,,,,,,,,
8/5/23,,,,,,,,,,,,,
8/6/23,,,,,,,,,,,,,
8/7/23,T,0.04,T,NE,Afternoon,24,,,,,,,
8/8/23,T,0.01,T,NE,Evening,24,,,,,,,
8/9/23,T,0.29,T,NE,Evening,65,,,,,,,
8/10/23,T,0.95,T,NE,Evening,30,,,,,,,
8/11/23,F,,F,NE,,24,,,,,,,
8/12/23,T,0.05,T,S,"Morning, Afternoon",69,,,,,,,
8/13/23,T,0.12,T,NE,Afternoon,17,,,,,,,
8/14/23,F,,F,NW,,15,,,,,,,
8/15/23,F,,F,NW,,51,,,,,,,
8/16/23,F,,F,N,,68,,,,,,,
8/17/23,F,,F,NE,,42,,,,,,,
8/18/23,T,0.02,T,N,Overnight,92,,,,,,,
8/19/23,F,,F,NW,,24,,,,,,,
8/20/23,T,0.44,T,NW,Evening,56,,,,,,,
8/21/23,T,0.1,T,NW,"Morning, Evening",79,,,,,,,
8/22/23,T,0.22,T,N,Overnight,20,,,,,,,
8/23/23,T,0.09,T,NW,Evening,47,,,,,,,
8/24/23,T,0.12,T,SE,Overnight,40,,,,,,,
8/25/23,T,0.03,T,E,Evening,24,,,,,,,
8/26/23,T,0.01,T,NE,,13,,,,,,,
8/27/23,,,,,,2,,,,,,,
8/28/23,,,,,,7,,,,,,,
8/29/23,,,,,,5,,,,,,,
8/30/23,,,,,,0,,,,,,,
8/31/23,F,,T,N,Evening,14,,,,,,,
9/1/23,T,0.03,T,N,Morning,35,,,,,,,
9/2/23,T,0.39,T,N,Evening,40,,,,,,,
9/3/23,T,0.01,T,,Overnight,,,,,,,,
9/4/23,,,,,,,,,,,,,
9/5/23,,,,,,,,,,,,,
9/6/23,,,,,,,,,,,,,
9/7/23,,,,,,,,,,,,,
9/8/23,T,0.5,T,,Afternoon,20,,,,,,,
9/9/23,,,,,,,,,,,,,
9/10/23,,,,,,,,,,,,,
9/11/23,,,,,,20,,,,,,,
9/12/23,T,0.4,T,,Evening,60,,,,,,,
9/13/23,T,0.68,T,,"Afternoon, Evening",55,,,,,,,
9/14/23,,,,,,20,,,,,,,
9/15/23,T,0.2,T,,All Day,0,,,,,,,
9/16/23,T ,0.01,T,,Overnight,0,,,,,,,
9/17/23,T,0.02,T,,Morning,0,,,,,,,
9/18/23,,,,,,,,,,,,,
9/19/23,,,,,,,,,,,,,
9/20/23,,,,,,,,,,,,,
9/21/23,,,,,,,,,,,,,
9/22/23,T,0.05,T,,Morning,,,,,,,,
9/23/23,,,,,,,,,,,,,
9/24/23,,,,,,,,,,,,,
9/25/23,,,,,,,,,,,,,
9/26/23,,,,,,,,,,,,,
9/27/23,,,,,,,,,,,,,
9/28/23,,,,,,,,,,,,,
9/29/23,,,,,,,,,,,,,
9/30/23,,,,,,,,,,,,,
6/1/24,,,,,,,,,,,,,
6/2/24,,,,,,,,,,,,,
6/3/24,,,,,,,,,,,,,
6/4/24,,,,,,,,,,,,,
6/5/24,,,,,,,,,,,,,
6/6/24,,,,,,,,,,,,,
6/7/24,,,,,,,,,,,,,
6/8/24,,,,,,,,,,,,,
6/9/24,,,,,,,,,,,,,
6/10/24,,,,,,,,,,,,,
6/11/24,,,,,,,,,,,,,
6/12/24,,,,,,,,,,,,,
6/13/24,,,,,,,,,,,,,
6/14/24,,,,,,,,,,,,,
6/15/24,,,,,,,,,,,,,
6/16/24,,,,,,,,,,,,,
6/17/24,,,,,,,,,,,,,
6/18/24,,,,,,,,,,,,,
6/19/24,,,,,,,,,,,,,
6/20/24,,,,,,,,,,,,,
6/21/24,,,,,,,,,,,,,
6/22/24,T,0.52,T,NE,Afternoon,40,,,,,,,
6/23/24,F,,F,NE,,40,,,,,,,
6/24/24,T,0.26,T,SE,"Morning, Afternoon",47,,,,,,,
6/25/24,T,0.16,T,NW,"Afternoon, Evening",62,,,,,,,
6/26/24,T,0.05,T,E,Morning,30,,,,,,,
6/27/24,F,,F,NE,,31,,,,,,,
6/28/24,F,,F,E,,15,,,,,,,
6/29/24,,,,,,7,,,,,,,
6/30/24,T,0.01,T,NE,Evening,15,,,,,,,
7/1/24,T,0.07,T,NE,"Morning, Afternoon",47,,,,,,,
7/2/24,,,,,,3,,,,,,,
7/3/24,,,,,,,NYC,,,,,,
7/4/24,,,,,,,NYC,,,,,,
7/5/24,,,,,,,NYC,,,,,,
7/6/24,,,,,,,NYC,,,,,,
7/7/24,,,,,,,NYC,,,,,,
7/8/24,,,,,,,NYC,,,,,,
7/9/24,,,,,,,NYC,,,,,,
7/10/24,,,,,,,NYC,,,,,,
7/11/24,,,,,,,NYC,,,,,,
7/12/24,,,,,,12,NYC,,,,,,
7/13/24,F,,F,NW,,24,,,,,,,
7/14/24,T,0.14,T,NW,Morning,34,,,,,,,
7/15/24,T,0.02,T,NE,Afternoon,15,,,,,,,
7/16/24,F,,F,NE,,15,,,,,,,
7/17/24,F,,T,NW,Afternoon,49,,,,,,,
7/18/24,T,0.03,T,NW,Afternoon,35,,,,,,,
7/19/24,T,0.04,T,NE,Morning,41,,,,,,,
7/20/24,T,0.01,T,SE,Evening,23,,,,,,,
7/21/24,T,0.01,T,SE,Morning,37,,,,,,,
7/22/24,T,0.02,T,S,Evening,15,,,,,,,
7/23/24,F,,F,S,,15,"Blake CRAS drop-off, Astella back to AZ",,,,,,
7/24/24,T,0.05,T,SW,Afternoon,51,"Blake CRAS drop-off, Astella back to AZ",,,,,,
7/25/24,T,0.27,T,SE,"Afternoon, Evening",60,Astella back to AZ,,,,,,
7/26/24,T,0.07,T,SE,"Morning, Afternoon",48,,,,,,,
7/27/24,F,,F,N,"Astella, Wesley Hamil fun, Lake House",,,,,,,,
7/28/24,,,,,,,,,,,,,
7/29/24,,,,,,,,,,,,,
7/30/24,,,,,,,,,,,,,
7/31/24,,,,,,15,,,,,,,
8/1/24,T,0.12,T,SW,Evening,59,,,,,,,
8/2/24,T,0.02,T,NW,Evening,24,,,,,,,
8/3/24,F,,F,NW,,34,,,,,,,
8/4/24,T,0.02,T,NE,Morning,37,,,,,,,
8/5/24,F,,F,NW,,34,,,,,,,
8/6/24,T,0.36,T,NW,Afternoon,43,,,,,,,
8/7/24,F,,T,SW,Afternoon,55,,,,,,,
8/8/24,T,0.18,T,SW,All Day,61,,,,,,,
8/9/24,T,0.03,T,NW,Afternoon,43,,,,,,,
8/10/24,T,0.02,T,NE,Evening,24,,,,,,,
8/11/24,F,,F,NE,,34,,,,,,,
8/12/24,T,0.05,T,NE,Evening,33,,,,,,,
8/13/24,T,0.21,T,NE,Morning,47,,,,,,,
8/14/24,,,,,,,End Normal Monsoon Buildups,,,,,,
8/15/24,,,,,,,,,,,,,
8/16/24,,,,,,,,,,,,,
8/17/24,F,,T,N,Morning,67,,,,,,,
8/18/24,T,0.04,T,N,All Day,3,,,,,,,
8/19/24,F,,F,NE,,24,,,,,,,
8/20/24,F,,F,NE,,15,,,,,,,
8/21/24,T,0.69,T,NE,Evening,30,,,,,,,
8/22/24,T,1.28,T,NE,Evening,54,,,,,,,
8/23/24,T,0.02,T,,Overnight,15,,,,,,,
8/24/24,,,,,,,,,,,,,
8/25/24,T,0.05,T,,Overnight,,,,,,,,
8/26/24,,,,,,,,,,,,,
8/27/24,,,,,,,,,,,,,
8/28/24,F,,F,SE,,15,,,,,,,
8/29/24,T,0.05,T,SE,Afternoon,21,,,,,,,
8/30/24,F,,F,SE,,22,,,,,,,
8/31/24,T,0.12,T,W,Evening,20,,,,,,,
9/1/24,,,,,,,,,,,,,
9/2/24,,,,,,,,,,,,,
9/3/24,,,,,,,,,,,,,
9/4/24,,,,,,,,,,,,,
9/5/24,,,,,,,,,,,,,
9/6/24,,,,,,,,,,,,,
9/7/24,F,,T,N,Afternoon,53,,,,,,,
9/8/24,F,,F,NW,,15,,,,,,,
9/9/24,,,,,,15,,,,,,,
9/10/24,T,0.04,T,,Morning,15,,,,,,,
9/11/24,,,,,,,,,,,,,
9/12/24,,,,,,,Mom Dad Astella Wesley to Idaho,,,,,,
9/13/24,,,,,,,Mom Dad Astella Wesley to Idaho,,,,,,
9/14/24,,,,,,,Mom Dad Astella Wesley to Idaho,,,,,,
9/15/24,,,,,,,,,,,,,
9/16/24,,,,,,43,"Storm-like, Winds of Change. WINDY!!",,,,,,
9/17/24,,,,,,,"Storm-like, Winds of Change. WINDY!!",,,,,,
9/18/24,,,,,,,,,,,,,
9/19/24,,,,,,,,,,,,,
9/20/24,,,,,,,,,,,,,
9/21/24,T,0.06,T,,,,,,,,,,
9/22/24,,,,,,,,,,,,,
9/23/24,,,,,,,,,,,,,
9/24/24,,,,,,,,,,,,,
9/25/24,,,,,,,,,,,,,
9/26/24,,,,,,,,,,,,,
9/27/24,,,,,,,,,,,,,
9/28/24,,,,,,,,,,,,,
9/29/24,,,,,,,,,,,,,
9/30/24,,,,,,,,,,,,,
6/1/25,F,,T,,Afternoon,,,,,,,,
6/2/25,T,0.05,T,,Afternoon,,,,,,,,
6/3/25,T,0.01,T,,Evening,,,,,,,,
6/4/25,T,0.02,T,,Morning,,,,,,,,
6/5/25,,,,,,,,,,,,,
6/6/25,,,,,,,,,,,,,
6/7/25,,,,,,,,,,,,,
6/8/25,,,,,,,,,,,,,
6/9/25,,,,,,,Family Vacation Hawaii,,,,,,
6/10/25,,,,,,,Family Vacation Hawaii,,,,,,
6/11/25,,,,,,,Family Vacation Hawaii,,,,,,
6/12/25,,,,,,,Family Vacation Hawaii,,,,,,
6/13/25,,,,,,,Family Vacation Hawaii,,,,,,
6/14/25,,,,,,,Family Vacation Hawaii,,,,,,
6/15/25,,,,,,,Family Vacation Hawaii,,,,,,
6/16/25,,,,,,,Family Vacation Hawaii,,,,,,
6/17/25,,,,,,,Family Vacation Hawaii,,,,,,
6/18/25,,,,,,,,,,,,,
6/19/25,,,,,,,,,,,,,
6/20/25,,,,,,,,,,,,,
6/21/25,,,,,,,,,,,,,
6/22/25,,,,,,,,,,,,,
6/23/25,,,,,,,,,,,,,
6/24/25,,,,,,,,,,,,,
6/25/25,,,,,,,,,,,,,
6/26/25,,,,,,,,,,,,,
6/27/25,,,,,,,,,,,,,
6/28/25,,,,,,,,,,,,,
6/29/25,,,,,,,,,,,,,
6/30/25,,,,,,,,,,,,,
7/1/25,F,,T,SW,Evening,37,,,,,,,
7/2/25,T,1.46,T,NE,Afternoon,71,First Rain,,,,,,
7/3/25,T,0.26,T,NE,"Noon, Afternoon",47,,,,,,,
7/4/25,,,,,,,,,,,,,
7/5/25,,,,,,,,,,,,,
7/6/25,,,,,,,,,,,,,
7/7/25,F,,F,NE,,15,,,,,,,
7/8/25,T,0.02,T,NE,Afternoon,15,,,,,,,
7/9/25,F,,F,NE,,15,WIND,,,,,,
7/10/25,,,,,,,WIND,,,,,,
7/11/25,,,,,,,WIND,,,,,,
7/12/25,F,,T,S,Afternoon,2,WIND,,,,,,
7/13/25,F,,F,SW,,8,,,,,,,
7/14/25,F,,F,SW,,16,,,,,,,
7/15/25,F,,F,SE,,18,,,,,,,
7/16/25,T,0.04,T,W,Afternoon,47,,,,,,,
7/17/25,T,0.02,T,N,Overnight,55,,,,,,,
7/18/25,F,,F,NE,,15,,,,,,,
7/19/25,T,0.07,T,NE,Noon ,15,,,,,,,
7/20/25,F,,T,N,Evening,15,,,,,,,
7/21/25,F,,F,N,,15,,,,,,,
7/22/25,F,,F,NE,,15,,,,,,,
7/23/25,,,,,,,,,,,,,
7/24/25,,,,,,,"WINDY at times, evenings especially",,,,,,
7/25/25,,,,,,,"WINDY at times, evenings especially",,,,,,
7/26/25,,,,,,,"WINDY at times, evenings especially",,,,,,
7/27/25,,,,,,,windy,,,,,,
7/28/25,,,,,,,windy,,,,,,
7/29/25,,,,,,,windy,,,,,,
7/30/25,,,,,,,breezy,,,,,,
7/31/25,,,,,,,windy,,,,,,
8/1/25,,,,,,,windy,,,,,,
8/2/25,,,,,,,breezy,,,,,,
8/3/25,,,,,,,breezy,,,,,,
8/4/25,,,,,,,windy,,,,,,
8/5/25,,,,,,,WINDY,,,,,,
8/6/25,,,,,,24,windy,,,,,,
8/7/25,,,,,,,,,,,,,
8/8/25,,,,,,,windy,,,,,,
8/9/25,,,,,,,windy,,,,,,
8/10/25,,,,,,,breezy,,,,,,
8/11/25,,,,,,,breezy,,,,,,
8/12/25,,,,,,,breezy,,,,,,
8/13/25,T,0.25,T,S,"Morning, Noon",45,WINDY,,,,,,
8/14/25,F,,F,N,,37,WINDY,,,,,,
8/15/25,T,0.26,T,N,"Morning, Evening",52,,,,,,,
8/16/25,T,0.13,T,,Overnight,15,breezy,,,,,,
8/17/25,,,,,,,,,,,,,
8/18/25,,,,,,,,,,,,,
8/19/25,,,,,,,,,,,,,
8/20/25,,,,,,,,,,,,,
8/21/25,F,,T,NW,Evening,15,,,,,,,
8/22/25,F,,T,W,Evening,15,,,,,,,
8/23/25,F,,T,NW,Afternoon,30,,,,,,,
8/24/25,T,0.03,T,NE,Noon,53,,,,,,,
8/25/25,T,1.05,T,NE,Afternoon,42,,,,,,,
8/26/25,T,0.15,T,NE,Overnight,35,,,,,,,
8/27/25,T,0.11,T,E,Morning,15,,,,,,,
8/28/25,,,,,,,,,,,,,
8/29/25,T,0.05,T,Morning,,,,,,,,,
8/30/25,,,,,,,,,,,,,
8/31/25,,,,,,,,,,,,,
9/1/25,,,,,,,,,,,,,
9/2/25,F,,F,NW,,15,,,,,,,
9/3/25,T,0.1,T,NW,All Day,96,,,,,,,
9/4/25,T,0.01,T,NE,Afternoon,30,,,,,,,
9/5/25,T,0.21,T,SE,Noon,24,,,,,,,
9/6/25,F,,F,SE,,,"last whimper, hardly that",,,,,,
9/7/25,,,,,,,,,,,,,
9/8/25,,,,,,,,,,,,,
9/9/25,,,,,,,"WIND (supposed to be 1 day of wind, was 4",,,,,,
9/10/25,,,,,,,"WIND (supposed to be 1 day of wind, was 5",,,,,,
9/11/25,,,,,,,"WIND (supposed to be 1 day of wind, was 6",,,,,,
9/12/25,,,,,,,"WIND (supposed to be 1 day of wind, was 7",,,,,,
9/13/25,,,,,,,,,,,,,
9/14/25,,,,,,,,,,,,,
9/15/25,,,,,,,,,,,,,
9/16/25,,,,,,,,,,,,,
9/17/25,,,,,,,,,,,,,
9/18/25,T,0.04,T,,Afternoon,,,,,,,,
9/19/25,T,0.24,T,,Overnight,,,,,,,,
9/20/25,T,0.1,T,,Afternoon,,,,,,,,
9/21/25,T,0.02,T,,Evening,,,,,,,,
9/22/25,T,0.05,T,,Noon,,,,,,,,
9/23/25,,,,,,,,,,,,,
9/24/25,,,,,,,,,,,,,
9/25/25,T,1.29,T,,All Day,,,,,,,,
9/26/25,T,0.09,T,,Noon,,,,,,,,
9/27/25,T,0.11,T,,Afternoon,,,,,,,,
9/28/25,T,0.51,T,,Overnight,,,,,,,,
9/29/25,,,,,,,,,,,,,
9/30/25,,,,,,,,,,,,,
,,,,,,,,,,,,,
,,,,,,,,,,,,,
,,,,,,,,,,,,,
,,,,,,,,,,,,,
,,,,,,,,,,,,,
,,,,,,,,,,,,,
,,,,,,,,,,,,,
,,,,,,,,,,,,,
,,,,,,,,,,,,,
,,,,,,,,,,,,,
,,,,,,,,,,,,,
,,,,,,,,,,,,,
,,,,,,,,,,,,,
,,,,,,,,,,,,,
,,,,,,,,,,,,,
,,,,,,,,,,,,,
,,,,,,,,,,,,,
,,,,,,,,,,,,,
,,,,,,,,,,,,,
,,,,,,,,,,,,,
,,,,,,,,,,,,,
,,,,,,,,,,,,,
,,,,,,,,,,,,,
,,,,,,,,,,,,,
,,,,,,,,,,,,,
,,,,,,,,,,,,,
,,,,,,,,,,,,,
,,,,,,,,,,,,,
,,,,,,,,,,,,,
,,,,,,,,,,,,,
,,,,,,,,,,,,,
,,,,,,,,,,,,,
,,,,,,,,,,,,,
,,,,,,,,,,,,,
,,,,,,,,,,,,,
,,,,,,,,,,,,,
,,,,,,,,,,,,,
,,,,,,,,,,,,,
,,,,,,,,,,,,,
,,,,,,,,,,,,,
,,,,,,,,,,,,,
,,,,,,,,,,,,,
,,,,,,,,,,,,,
,,,,,,,,,,,,,
,,,,,,,,,,,,,
,,,,,,,,,,,,,
,,,,,,,,,,,,,
,,,,,,,,,,,,,
,,,,,,,,,,,,,
,,,,,,,,,,,,,
,,,,,,,,,,,,,
,,,,,,,,,,,,,
,,,,,,,,,,,,,
,,,,,,,,,,,,,
,,,,,,,,,,,,,
,,,,,,,,,,,,,
,,,,,,,,,,,,,
,,,,,,,,,,,,,
,,,,,,,,,,,,,
,,,,,,,,,,,,,
,,,,,,,,,,,,,
,,,,,,,,,,,,,
,,,,,,,,,,,,,
,,,,,,,,,,,,,
,,,,,,,,,,,,,
,,,,,,,,,,,,,
,,,,,,,,,,,,,
,,,,,,,,,,,,,
,,,,,,,,,,,,,
,,,,,,,,,,,,,
,,,,,,,,,,,,,
,,,,,,,,,,,,,
,,,,,,,,,,,,,
,,,,,,,,,,,,,
,,,,,,,,,,,,,
,,,,,,,,,,,,,
,,,,,,,,,,,,,
,,,,,,,,,,,,,
,,,,,,,,,,,,,
,,,,,,,,,,,,,
,,,,,,,,,,,,,
,,,,,,,,,,,,,
,,,,,,,,,,,,,
,,,,,,,,,,,,,
,,,,,,,,,,,,,
,,,,,,,,,,,,,
,,,,,,,,,,,,,
,,,,,,,,,,,,,
,,,,,,,,,,,,,
,,,,,,,,,,,,,
,,,,,,,,,,,,,
,,,,,,,,,,,,,
,,,,,,,,,,,,,
,,,,,,,,,,,,,
,,,,,,,,,,,,,
,,,,,,,,,,,,,
,,,,,,,,,,,,,
,,,,,,,,,,,,,
,,,,,,,,,,,,,
,,,,,,,,,,,,,
,,,,,,,,,,,,,
,,,,,,,,,,,,,
,,,,,,,,,,,,,
,,,,,,,,,,,,,
,,,,,,,,,,,,,
,,,,,,,,,,,,,
,,,,,,,,,,,,,
,,,,,,,,,,,,,
,,,,,,,,,,,,,
,,,,,,,,,,,,,
,,,,,,,,,,,,,
,,,,,,,,,,,,,
,,,,,,,,,,,,,
,,,,,,,,,,,,,
,,,,,,,,,,,,,
,,,,,,,,,,,,,
,,,,,,,,,,,,,
,,,,,,,,,,,,,
,,,,,,,,,,,,,
,,,,,,,,,,,,,
,,,,,,,,,,,,,
,,,,,,,,,,,,,
,,,,,,,,,,,,,
,,,,,,,,,,,,,
,,,,,,,,,,,,,
,,,,,,,,,,,,,
,,,,,,,,,,,,,
,,,,,,,,,,,,,
,,,,,,,,,,,,,
,,,,,,,,,,,,,
,,,,,,,,,,,,,
,,,,,,,,,,,,,
,,,,,,,,,,,,,
,,,,,,,,,,,,,
,,,,,,,,,,,,,
,,,,,,,,,,,,,
,,,,,,,,,,,,,
,,,,,,,,,,,,,
,,,,,,,,,,,,,
,,,,,,,,,,,,,
,,,,,,,,,,,,,
,,,,,,,,,,,,,
,,,,,,,,,,,,,
,,,,,,,,,,,,,